Workbook

Sheet Problem Statement
A1: Given Dataset containing employee details with employee-code, experience, department, city, salaries etc. You are suppose to use logical functions according to the actions with condition given below and evaluate the solution into the logical sheet given below.
B3: Actions | C3: Condition
A4: Action 1 | B4: Terminate the employee whose performance is | C4: Very Poor
A5: Action 2 | B5: Give 5% bonus to employee having rating as | C5: Very Good
A6: Action 3 | B6: Display the salary grouping based on condition | C6: Less than 40000-Low 41000 to 80000- Mid Above 80000- High
A7: Action 4 | B7: Give option of Work from Home to | C7: HR and Mumbai
A8: Action 5 | B8: Give option of Work from Home to | C8: HR or Finance
A9: Action 6 | B9: Give Increment based on performance | C9: Very Good:15% Good: 12% Average: 10% Else: Not applicable
A13: Click here to | B13: Go to the sheet- Logical

Sheet Logical
A1: Employee Details
A3: Emp Code | B3: Emp First Name | C3: Emp Middle Name | D3: Emp Last Name | E3: Date of Birth | F3: Date of Joining | G3: Experience | H3: Branch Code | I3: Branch Name | J3: Phone No. | K3: Dept Code | L3: Department Name | M3: Education | N3: Rating | O3: Gender | P3: Total Salary | Q3: Action 1 | R3: Action 2 | S3: Action 3 | T3: Action 4 | U3: Action 5 | V3: Action 6
A4: EMP-95480 | B4: YASH | C4: ADESH | D4: KUMAR | E4: 21976 | F4: 41248 | G4: 5 | H4: Loc-1003 | I4: NAGPUR | J4: 79203827xx | K4: Dept-103 | L4: FINANCE | M4: Mcom | N4: Very Poor | O4: Male | P4: 82746.99 | Q4: =IF(N4="very poor","Terminate","Stay") -> Terminate | R4: =IF(Logical!N4="very good","5% increment","no increment") -> no increment | S4: {=_xlfn.IFS(P4<40000,"low",P4>80000,"high",P4,"mid")} -> high | T4: =IF(AND(L4="hr",I4="mumbai"),"give work from home","no work from home") -> no work from home | U4: =IF(OR(L4="finance",Logical!L4="hr"),"give work from home","no work from home") -> give work from home | V4: {=_xlfn.IFS(N4="very good","15% increment",N4="good","12% increment",N4="average","10% increment")} -> #N/A
A5: EMP-95444 | B5: SUKANYA | C5: AJAY | D5: DHANANJAY | E5: 28282 | F5: 41187 | G5: 6 | H5: Loc-1001 | I5: DELHI | J5: 79221649xx | K5: Dept-103 | L5: FINANCE | M5: MBA | N5: Good | O5: Female | P5: 36895.95 | Q5: =IF(N5="very poor","Terminate","Stay") -> Stay | R5: =IF(Logical!N5="very good","5% increment","no increment") -> no increment | S5: {=_xlfn.IFS(P5<40000,"low",P5>80000,"high",P5,"mid")} -> low | T5: =IF(AND(L5="hr",I5="mumbai"),"give work from home","no work from home") -> no work from home | U5: =IF(OR(L5="finance",Logical!L5="hr"),"give work from home","no work from home") -> give work from home | V5: {=_xlfn.IFS(N5="very good","15% increment",N5="good","12% increment",N5="average","10% increment")} -> 12% increment
A6: EMP-95504 | B6: VAIBHAVI | C6: AJAY | D6: SHEKHAR | E6: 21976 | F6: 41218 | G6: 8 | H6: Loc-1004 | I6: MUMBAI | J6: 79212738xx | K6: Dept-102 | L6: HR | M6: ICWA | N6: Very Poor | O6: Female | P6: 141555.6 | Q6: =IF(N6="very poor","Terminate","Stay") -> Terminate | R6: =IF(Logical!N6="very good","5% increment","no increment") -> no increment | S6: {=_xlfn.IFS(P6<40000,"low",P6>80000,"high",P6,"mid")} -> high | T6: =IF(AND(L6="hr",I6="mumbai"),"give work from home","no work from home") -> give work from home | U6: =IF(OR(L6="finance",Logical!L6="hr"),"give work from home","no work from home") -> give work from home | V6: {=_xlfn.IFS(N6="very good","15% increment",N6="good","12% increment",N6="average","10% increment")} -> #N/A
A7: EMP-95462 | B7: SHIVANI | C7: AJIT | D7: RITESH | E7: 28282 | F7: 41157 | G7: 7 | H7: Loc-1002 | I7: BANGALORE | J7: 79230559xx | K7: Dept-103 | L7: FINANCE | M7: M S | N7: Good | O7: Female | P7: 91631.7 | Q7: =IF(N7="very poor","Terminate","Stay") -> Stay | R7: =IF(Logical!N7="very good","5% increment","no increment") -> no increment | S7: {=_xlfn.IFS(P7<40000,"low",P7>80000,"high",P7,"mid")} -> high | T7: =IF(AND(L7="hr",I7="mumbai"),"give work from home","no work from home") -> no work from home | U7: =IF(OR(L7="finance",Logical!L7="hr"),"give work from home","no work from home") -> give work from home | V7: {=_xlfn.IFS(N7="very good","15% increment",N7="good","12% increment",N7="average","10% increment")} -> 12% increment
A8: EMP-95481 | B8: SHEETAL | C8: ANAND | D8: AWALGAONKAR | E8: 28894 | F8: 41126 | G8: 8 | H8: Loc-1003 | I8: NAGPUR | J8: 79239470xx | K8: Dept-101 | L8: PRODUCTION | M8: B.E | N8: Not Rated | O8: Female | P8: 25710.12 | Q8: =IF(N8="very poor","Terminate","Stay") -> Stay | R8: =IF(Logical!N8="very good","5% increment","no increment") -> no increment | S8: {=_xlfn.IFS(P8<40000,"low",P8>80000,"high",P8,"mid")} -> low | T8: =IF(AND(L8="hr",I8="mumbai"),"give work from home","no work from home") -> no work from home | U8: =IF(OR(L8="finance",Logical!L8="hr"),"give work from home","no work from home") -> no work from home | V8: {=_xlfn.IFS(N8="very good","15% increment",N8="good","12% increment",N8="average","10% increment")} -> #N/A
A9: EMP-95505 | B9: SAYANTAN | C9: ANAND | D9: GAWANDE | E9: 28894 | F9: 41095 | G9: 5 | H9: Loc-1004 | I9: MUMBAI | J9: 79248381xx | K9: Dept-103 | L9: FINANCE | M9: PGDBM | N9: Average | O9: Male | P9: 116361.09 | Q9: =IF(N9="very poor","Terminate","Stay") -> Stay | R9: =IF(Logical!N9="very good","5% increment","no increment") -> no increment | S9: {=_xlfn.IFS(P9<40000,"low",P9>80000,"high",P9,"mid")} -> high | T9: =IF(AND(L9="hr",I9="mumbai"),"give work from home","no work from home") -> no work from home | U9: =IF(OR(L9="finance",Logical!L9="hr"),"give work from home","no work from home") -> give work from home | V9: {=_xlfn.IFS(N9="very good","15% increment",N9="good","12% increment",N9="average","10% increment")} -> 10% increment
A10: EMP-95544 | B10: SANTOSH | C10: ANANDKUMAR | D10: GADEKAR | E10: 29222 | F10: 41065 | G10: 5 | H10: Loc-1005 | I10: CHENNAI | J10: 79257292xx | K10: Dept-104 | L10: MARKETING | M10: B.E | N10: Very Poor | O10: Male | P10: 90048.15 | Q10: =IF(N10="very poor","Terminate","Stay") -> Terminate | R10: =IF(Logical!N10="very good","5% increment","no increment") -> no increment | S10: {=_xlfn.IFS(P10<40000,"low",P10>80000,"high",P10,"mid")} -> high | T10: =IF(AND(L10="hr",I10="mumbai"),"give work from home","no work from home") -> no work from home | U10: =IF(OR(L10="finance",Logical!L10="hr"),"give work from home","no work from home") -> no work from home | V10: {=_xlfn.IFS(N10="very good","15% increment",N10="good","12% increment",N10="average","10% increment")} -> #N/A
A11: EMP-95506 | B11: SANKET | C11: ANIL | D11: KELKAR | E11: 29222 | F11: 41034 | G11: 6 | H11: Loc-1004 | I11: MUMBAI | J11: 79266203xx | K11: Dept-105 | L11: ADMIN | M11: PGDBM | N11: Good | O11: Male | P11: 97552.8 | Q11: =IF(N11="very poor","Terminate","Stay") -> Stay | R11: =IF(Logical!N11="very good","5% increment","no increment") -> no increment | S11: {=_xlfn.IFS(P11<40000,"low",P11>80000,"high",P11,"mid")} -> high | T11: =IF(AND(L11="hr",I11="mumbai"),"give work from home","no work from home") -> no work from home | U11: =IF(OR(L11="finance",Logical!L11="hr"),"give work from home","no work from home") -> no work from home | V11: {=_xlfn.IFS(N11="very good","15% increment",N11="good","12% increment",N11="average","10% increment")} -> 12% increment
A12: EMP-95545 | B12: SACHIN | C12: ANIL | D12: SHARMA | E12: 29984 | F12: 41004 | G12: 7 | H12: Loc-1005 | I12: CHENNAI | J12: 79275114xx | K12: Dept-105 | L12: ADMIN | M12: MCOM | N12: Poor | O12: Male | P12: 51597.72 | Q12: =IF(N12="very poor","Terminate","Stay") -> Stay | R12: =IF(Logical!N12="very good","5% increment","no increment") -> no increment | S12: {=_xlfn.IFS(P12<40000,"low",P12>80000,"high",P12,"mid")} -> mid | T12: =IF(AND(L12="hr",I12="mumbai"),"give work from home","no work from home") -> no work from home | U12: =IF(OR(L12="finance",Logical!L12="hr"),"give work from home","no work from home") -> no work from home | V12: {=_xlfn.IFS(N12="very good","15% increment",N12="good","12% increment",N12="average","10% increment")} -> #N/A
A13: EMP-95507 | B13: RITIKA | C13: ARJUN | D13: FADKE | E13: 29984 | F13: 40973 | G13: 8 | H13: Loc-1004 | I13: MUMBAI | J13: 79284025xx | K13: Dept-102 | L13: HR | M13: MBA | N13: Very Poor | O13: Female | P13: 105103.35 | Q13: =IF(N13="very poor","Terminate","Stay") -> Terminate | R13: =IF(Logical!N13="very good","5% increment","no increment") -> no increment | S13: {=_xlfn.IFS(P13<40000,"low",P13>80000,"high",P13,"mid")} -> high | T13: =IF(AND(L13="hr",I13="mumbai"),"give work from home","no work from home") -> give work from home | U13: =IF(OR(L13="finance",Logical!L13="hr"),"give work from home","no work from home") -> give work from home | V13: {=_xlfn.IFS(N13="very good","15% increment",N13="good","12% increment",N13="average","10% increment")} -> #N/A
A14: EMP-95546 | B14: RITESH | C14: ASHISH | D14: GARUD | E14: 30811 | F14: 40944 | G14: 6 | H14: Loc-1005 | I14: CHENNAI | J14: 79292936xx | K14: Dept-104 | L14: MARKETING | M14: Msc | N14: Average | O14: Male | P14: 147340.53 | Q14: =IF(N14="very poor","Terminate","Stay") -> Stay | R14: =IF(Logical!N14="very good","5% increment","no increment") -> no increment | S14: {=_xlfn.IFS(P14<40000,"low",P14>80000,"high",P14,"mid")} -> high | T14: =IF(AND(L14="hr",I14="mumbai"),"give work from home","no work from home") -> no work from home | U14: =IF(OR(L14="finance",Logical!L14="hr"),"give work from home","no work from home") -> no work from home | V14: {=_xlfn.IFS(N14="very good","15% increment",N14="good","12% increment",N14="average","10% increment")} -> 10% increment
A15: EMP-95508 | B15: PRIYANKA | C15: ASHOK | D15: DESHPANDE | E15: 30811 | F15: 40913 | G15: 7 | H15: Loc-1004 | I15: MUMBAI | J15: 79301847xx | K15: Dept-101 | L15: PRODUCTION | M15: CS | N15: Very Poor | O15: Female | P15: 109783.62 | Q15: =IF(N15="very poor","Terminate","Stay") -> Terminate | R15: =IF(Logical!N15="very good","5% increment","no increment") -> no increment | S15: {=_xlfn.IFS(P15<40000,"low",P15>80000,"high",P15,"mid")} -> high | T15: =IF(AND(L15="hr",I15="mumbai"),"give work from home","no work from home") -> no work from home | U15: =IF(OR(L15="finance",Logical!L15="hr"),"give work from home","no work from home") -> no work from home | V15: {=_xlfn.IFS(N15="very good","15% increment",N15="good","12% increment",N15="average","10% increment")} -> #N/A
... A35: EMP-95512 | B35: AKSHAT | C35: DILIP | D35: SHAH | E35: 32999 | F35: 42129 | G35: 6 | H35: Loc-1004 | I35: MUMBAI | J35: 79480065xx | K35: Dept-101 | L35: PRODUCTION | M35: M S | N35: Good | O35: Male | P35: 62928.9 | Q35: =IF(N35="very poor","Terminate","Stay") -> Stay | R35: =IF(Logical!N35="very good","5% increment","no increment") -> no increment | S35: {=_xlfn.IFS(P35<40000,"low",P35>80000,"high",P35,"mid")} -> mid | T35: =IF(AND(L35="hr",I35="mumbai"),"give work from home","no work from home") -> no work from home | U35: =IF(OR(L35="finance",Logical!L35="hr"),"give work from home","no work from home") -> no work from home | V35: {=_xlfn.IFS(N35="very good","15% increment",N35="good","12% increment",N35="average","10% increment")} -> 12% increment
A36: EMP-95551 | B36: AKASH | C36: DINESH | D36: SHAH | E36: 32999 | F36: 42830 | G36: 7 | H36: Loc-1005 | I36: CHENNAI | J36: 79488976xx | K36: Dept-101 | L36: PRODUCTION | M36: M.E | N36: Good | O36: Male | Q36: =IF(N36="very poor","Terminate","Stay") -> Stay | R36: =IF(Logical!N36="very good","5% increment","no increment") -> no increment | S36: {=_xlfn.IFS(P36<40000,"low",P36>80000,"high",P36,"mid")} -> high | T36: =IF(AND(L36="hr",I36="mumbai"),"give work from home","no work from home") -> no work from home | U36: =IF(OR(L36="finance",Logical!L36="hr"),"give work from home","no work from home") -> no work from home | V36: {=_xlfn.IFS(N36="very good","15% increment",N36="good","12% increment",N36="average","10% increment")} -> 12% increment
A37: EMP-95552 | B37: ADITI | C37: FEROZ | D37: SHAH | E37: 33030 | F37: 43164 | G37: 8 | H37: Loc-1005 | I37: CHENNAI | J37: 79497886xx | K37: Dept-102 | L37: HR | M37: MBA | N37: Average | O37: Female | P37: 135857.88 | Q37: =IF(N37="very poor","Terminate","Stay") -> Stay | R37: =IF(Logical!N37="very good","5% increment","no increment") -> no increment | S37: {=_xlfn.IFS(P37<40000,"low",P37>80000,"high",P37,"mid")} -> high | T37: =IF(AND(L37="hr",I37="mumbai"),"give work from home","no work from home") -> no work from home | U37: =IF(OR(L37="finance",Logical!L37="hr"),"give work from home","no work from home") -> give work from home | V37: {=_xlfn.IFS(N37="very good","15% increment",N37="good","12% increment",N37="average","10% increment")} -> 10% increment
A38: EMP-95514 | B38: YOGESH | C38: GAJENDRA | D38: SHAH | E38: 33060 | F38: 41310 | G38: 5 | H38: Loc-1004 | I38: MUMBAI | J38: 79506797xx | K38: Dept-101 | L38: PRODUCTION | M38: B.E | N38: Very Good | O38: Male | P38: 143448.21 | Q38: =IF(N38="very poor","Terminate","Stay") -> Stay | R38: =IF(Logical!N38="very good","5% increment","no increment") -> 5% increment | S38: {=_xlfn.IFS(P38<40000,"low",P38>80000,"high",P38,"mid")} -> high | T38: =IF(AND(L38="hr",I38="mumbai"),"give work from home","no work from home") -> no work from home | U38: =IF(OR(L38="finance",Logical!L38="hr"),"give work from home","no work from home") -> no work from home | V38: {=_xlfn.IFS(N38="very good","15% increment",N38="good","12% increment",N38="average","10% increment")} -> 15% increment
A39: EMP-95553 | B39: YOGESH | C39: GAUTAM | D39: SHAH | E39: 33091 | F39: 41279 | G39: 6 | H39: Loc-1005 | I39: CHENNAI | J39: 79515708xx | K39: Dept-102 | L39: HR | M39: PGDBM | N39: Poor | O39: Male | P39: 26964.72 | Q39: =IF(N39="very poor","Terminate","Stay") -> Stay | R39: =IF(Logical!N39="very good","5% increment","no increment") -> no increment | S39: {=_xlfn.IFS(P39<40000,"low",P39>80000,"high",P39,"mid")} -> low | T39: =IF(AND(L39="hr",I39="mumbai"),"give work from home","no work from home") -> no work from home | U39: =IF(OR(L39="finance",Logical!L39="hr"),"give work from home","no work from home") -> give work from home | V39: {=_xlfn.IFS(N39="very good","15% increment",N39="good","12% increment",N39="average","10% increment")} -> #N/A
A40: EMP-95515 | B40: VIPUL | C40: GOPAL | D40: SAWANT | E40: 33122 | F40: 43074 | G40: 7 | H40: Loc-1004 | I40: MUMBAI | J40: 79524619xx | K40: Dept-103 | L40: FINANCE | M40: Bsc | N40: Good | O40: Male | P40: 126960.93 | Q40: =IF(N40="very poor","Terminate","Stay") -> Stay | R40: =IF(Logical!N40="very good","5% increment","no increment") -> no increment | S40: {=_xlfn.IFS(P40<40000,"low",P40>80000,"high",P40,"mid")} -> high | T40: =IF(AND(L40="hr",I40="mumbai"),"give work from home","no work from home") -> no work from home | U40: =IF(OR(L40="finance",Logical!L40="hr"),"give work from home","no work from home") -> give work from home | V40: {=_xlfn.IFS(N40="very good","15% increment",N40="good","12% increment",N40="average","10% increment")} -> 12% increment
A41: EMP-95554 | B41: SUJEYA | C41: GUPTA | D41: SAWADE | E41: 33152 | F41: 41218 | G41: 8 | H41: Loc-1005 | I41: CHENNAI | J41: 79533530xx | K41: Dept-104 | L41: MARKETING | M41: CS | N41: Very Poor | O41: Male | P41: 18499.23 | Q41: =IF(N41="very poor","Terminate","Stay") -> Terminate | R41: =IF(Logical!N41="very good","5% increment","no increment") -> no increment | S41: {=_xlfn.IFS(P41<40000,"low",P41>80000,"high",P41,"mid")} -> low | T41: =IF(AND(L41="hr",I41="mumbai"),"give work from home","no work from home") -> no work from home | U41: =IF(OR(L41="finance",Logical!L41="hr"),"give work from home","no work from home") -> no work from home | V41: {=_xlfn.IFS(N41="very good","15% increment",N41="good","12% increment",N41="average","10% increment")} -> #N/A
A42: EMP-95448 | B42: SOMAY | C42: GYARSILAL | D42: SATPUTE | E42: 33183 | F42: 41187 | G42: 6 | H42: Loc-1001 | I42: DELHI | J42: 79542441xx | K42: Dept-102 | L42: HR | M42: MBA | N42: Poor | O42: Male | P42: 77344.56 | Q42: =IF(N42="very poor","Terminate","Stay") -> Stay | R42: =IF(Logical!N42="very good","5% increment","no increment") -> no increment | S42: {=_xlfn.IFS(P42<40000,"low",P42>80000,"high",P42,"mid")} -> mid | T42: =IF(AND(L42="hr",I42="mumbai"),"give work from home","no work from home") -> no work from home | U42: =IF(OR(L42="finance",Logical!L42="hr"),"give work from home","no work from home") -> give work from home | V42: {=_xlfn.IFS(N42="very good","15% increment",N42="good","12% increment",N42="average","10% increment")} -> #N/A
A43: EMP-95466 | B43: SHWETA | C43: HAMBIRRAO | D43: SATHE | E43: 33213 | F43: 41157 | G43: 7 | H43: Loc-1002 | I43: BANGALORE | J43: 79551352xx | K43: Dept-102 | L43: HR | M43: M S | N43: Good | O43: Female | P43: 140371.38 | Q43: =IF(N43="very poor","Terminate","Stay") -> Stay | R43: =IF(Logical!N43="very good","5% increment","no increment") -> no increment | S43: {=_xlfn.IFS(P43<40000,"low",P43>80000,"high",P43,"mid")} -> high | T43: =IF(AND(L43="hr",I43="mumbai"),"give work from home","no work from home") -> no work from home | U43: =IF(OR(L43="finance",Logical!L43="hr"),"give work from home","no work from home") -> give work from home | V43: {=_xlfn.IFS(N43="very good","15% increment",N43="good","12% increment",N43="average","10% increment")} -> 12% increment
A44: EMP-95486 | B44: Shubhrata | C44: HANUMANT | D44: SANKHLA | E44: 33244 | F44: 44413 | G44: 8 | H44: Loc-1003 | I44: NAGPUR | J44: 79560263xx | K44: Dept-105 | L44: ADMIN | M44: M S | N44: Good | O44: Female | P44: 34740.18 | Q44: =IF(N44="very poor","Terminate","Stay") -> Stay | R44: =IF(Logical!N44="very good","5% increment","no increment") -> no increment | S44: {=_xlfn.IFS(P44<40000,"low",P44>80000,"high",P44,"mid")} -> low | T44: =IF(AND(L44="hr",I44="mumbai"),"give work from home","no work from home") -> no work from home | U44: =IF(OR(L44="finance",Logical!L44="hr"),"give work from home","no work from home") -> no work from home | V44: {=_xlfn.IFS(N44="very good","15% increment",N44="good","12% increment",N44="average","10% increment")} -> 12% increment
A45: EMP-95516 | B45: SHASHWAT | C45: HARESH | D45: SALUNKE | E45: 33275 | F45: 44017 | G45: 5 | H45: Loc-1004 | I45: MUMBAI | J45: 79569174xx | K45: Dept-105 | L45: ADMIN | M45: MBA | N45: Very Poor | O45: Male | P45: 110368.08 | Q45: =IF(N45="very poor","Terminate","Stay") -> Terminate | R45: =IF(Logical!N45="very good","5% increment","no increment") -> no increment | S45: {=_xlfn.IFS(P45<40000,"low",P45>80000,"high",P45,"mid")} -> high | T45: =IF(AND(L45="hr",I45="mumbai"),"give work from home","no work from home") -> no work from home | U45: =IF(OR(L45="finance",Logical!L45="hr"),"give work from home","no work from home") -> no work from home | V45: {=_xlfn.IFS(N45="very good","15% increment",N45="good","12% increment",N45="average","10% increment")} -> #N/A
A46: EMP-95487 | B46: RUSHABH | C46: HEMANT | D46: RODE | E46: 33303 | F46: 41065 | G46: 6 | H46: Loc-1003 | I46: NAGPUR | J46: 79578085xx | K46: Dept-102 | L46: HR | M46: BCA | N46: Poor | O46: Male | P46: 43725.87 | Q46: =IF(N46="very poor","Terminate","Stay") -> Stay | R46: =IF(Logical!N46="very good","5% increment","no increment") -> no increment | S46: {=_xlfn.IFS(P46<40000,"low",P46>80000,"high",P46,"mid")} -> mid | T46: =IF(AND(L46="hr",I46="mumbai"),"give work from home","no work from home") -> no work from home | U46: =IF(OR(L46="finance",Logical!L46="hr"),"give work from home","no work from home") -> give work from home | V46: {=_xlfn.IFS(N46="very good","15% increment",N46="good","12% increment",N46="average","10% increment")} -> #N/A
A47: EMP-95517 | B47: RUCHIRA | C47: HUSSAIN | D47: REDDY | E47: 33334 | F47: 41034 | G47: 7 | H47: Loc-1004 | I47: MUMBAI | J47: 79586995xx | K47: Dept-101 | L47: PRODUCTION | M47: PGDBM | N47: Poor | O47: Female | P47: 144285.12 | Q47: =IF(N47="very poor","Terminate","Stay") -> Stay | R47: =IF(Logical!N47="very good","5% increment","no increment") -> no increment | S47: {=_xlfn.IFS(P47<40000,"low",P47>80000,"high",P47,"mid")} -> high | T47: =IF(AND(L47="hr",I47="mumbai"),"give work from home","no work from home") -> no work from home | U47: =IF(OR(L47="finance",Logical!L47="hr"),"give work from home","no work from home") -> no work from home | V47: {=_xlfn.IFS(N47="very good","15% increment",N47="good","12% increment",N47="average","10% increment")} -> #N/A
A48: EMP-95449 | B48: ROHIT | C48: ISHWAR | D48: RATHI | E48: 33364 | F48: 44291 | G48: 8 | H48: Loc-1001 | I48: DELHI | J48: 79595906xx | K48: Dept-104 | L48: MARKETING | M48: BCA | N48: Very Good | O48: Male | P48: 88876.17 | Q48: =IF(N48="very poor","Terminate","Stay") -> Stay | R48: =IF(Logical!N48="very good","5% increment","no increment") -> 5% increment | S48: {=_xlfn.IFS(P48<40000,"low",P48>80000,"high",P48,"mid")} -> high | T48: =IF(AND(L48="hr",I48="mumbai"),"give work from home","no work from home") -> no work from home | U48: =IF(OR(L48="finance",Logical!L48="hr"),"give work from home","no work from home") -> no work from home | V48: {=_xlfn.IFS(N48="very good","15% increment",N48="good","12% increment",N48="average","10% increment")} -> 15% increment
... A60: EMP-95468 | B60: KAWALJEET | C60: KUMAR | D60: PALAN | E60: 33730 | F60: 41065 | G60: 6 | H60: Loc-1002 | I60: BANGALORE | J60: 79702837xx | K60: Dept-104 | L60: MARKETING | M60: MBA | N60: Average | O60: Female | P60: 20962.53 | Q60: =IF(N60="very poor","Terminate","Stay") -> Stay | R60: =IF(Logical!N60="very good","5% increment","no increment") -> no increment | S60: {=_xlfn.IFS(P60<40000,"low",P60>80000,"high",P60,"mid")} -> low | T60: =IF(AND(L60="hr",I60="mumbai"),"give work from home","no work from home") -> no work from home | U60: =IF(OR(L60="finance",Logical!L60="hr"),"give work from home","no work from home") -> no work from home | V60: {=_xlfn.IFS(N60="very good","15% increment",N60="good","12% increment",N60="average","10% increment")} -> 10% increment
A61: EMP-95489 | B61: KALPESH | C61: LAXMAN | D61: OSWAL | E61: 33761 | F61: 41034 | G61: 7 | H61: Loc-1003 | I61: NAGPUR | J61: 79711748xx | K61: Dept-101 | L61: PRODUCTION | M61: B.E | N61: Not Rated | O61: Male | Q61: =IF(N61="very poor","Terminate","Stay") -> Stay | R61: =IF(Logical!N61="very good","5% increment","no increment") -> no increment | S61: {=_xlfn.IFS(P61<40000,"low",P61>80000,"high",P61,"mid")} -> high | T61: =IF(AND(L61="hr",I61="mumbai"),"give work from home","no work from home") -> no work from home | U61: =IF(OR(L61="finance",Logical!L61="hr"),"give work from home","no work from home") -> no work from home | V61: {=_xlfn.IFS(N61="very good","15% increment",N61="good","12% increment",N61="average","10% increment")} -> #N/A
A62: EMP-95522 | B62: GOVIND | C62: M | D62: NOTANI | E62: 33791 | F62: 41004 | G62: 8 | H62: Loc-1004 | I62: MUMBAI | J62: 79720659xx | K62: Dept-105 | L62: ADMIN | M62: B.E | N62: Good | O62: Male | Q62: =IF(N62="very poor","Terminate","Stay") -> Stay | R62: =IF(Logical!N62="very good","5% increment","no increment") -> no increment | S62: {=_xlfn.IFS(P62<40000,"low",P62>80000,"high",P62,"mid")} -> high | T62: =IF(AND(L62="hr",I62="mumbai"),"give work from home","no work from home") -> no work from home | U62: =IF(OR(L62="finance",Logical!L62="hr"),"give work from home","no work from home") -> no work from home | V62: {=_xlfn.IFS(N62="very good","15% increment",N62="good","12% increment",N62="average","10% increment")} -> 12% increment
A63: EMP-95469 | B63: DEVIKA | C63: MADAN | D63: MURTHY | E63: 33853 | F63: 40944 | G63: 7 | H63: Loc-1002 | I63: BANGALORE | J63: 79738481xx | K63: Dept-105 | L63: ADMIN | M63: M.E | N63: Average | O63: Female | P63: 98689.59 | Q63: =IF(N63="very poor","Terminate","Stay") -> Stay | R63: =IF(Logical!N63="very good","5% increment","no increment") -> no increment | S63: {=_xlfn.IFS(P63<40000,"low",P63>80000,"high",P63,"mid")} -> high | T63: =IF(AND(L63="hr",I63="mumbai"),"give work from home","no work from home") -> no work from home | U63: =IF(OR(L63="finance",Logical!L63="hr"),"give work from home","no work from home") -> no work from home | V63: {=_xlfn.IFS(N63="very good","15% increment",N63="good","12% increment",N63="average","10% increment")} -> 10% increment
A64: EMP-95451 | B64: DISHA | C64: MADAN | D64: NAIK | E64: 33822 | F64: 40973 | G64: 6 | H64: Loc-1001 | I64: DELHI | J64: 79729570xx | K64: Dept-104 | L64: MARKETING | M64: MBA | N64: Good | O64: Female | P64: 53813.16 | Q64: =IF(N64="very poor","Terminate","Stay") -> Stay | R64: =IF(Logical!N64="very good","5% increment","no increment") -> no increment | S64: {=_xlfn.IFS(P64<40000,"low",P64>80000,"high",P64,"mid")} -> mid | T64: =IF(AND(L64="hr",I64="mumbai"),"give work from home","no work from home") -> no work from home | U64: =IF(OR(L64="finance",Logical!L64="hr"),"give work from home","no work from home") -> no work from home | V64: {=_xlfn.IFS(N64="very good","15% increment",N64="good","12% increment",N64="average","10% increment")} -> 12% increment
A65: EMP-95490 | B65: DARSHAN | C65: MADHAVRAO | D65: MUNDADA | E65: 33883 | F65: 40913 | G65: 8 | H65: Loc-1003 | I65: NAGPUR | J65: 79747392xx | K65: Dept-101 | L65: PRODUCTION | M65: MBA | N65: Not Rated | O65: Male | P65: 126117.9 | Q65: =IF(N65="very poor","Terminate","Stay") -> Stay | R65: =IF(Logical!N65="very good","5% increment","no increment") -> no increment | S65: {=_xlfn.IFS(P65<40000,"low",P65>80000,"high",P65,"mid")} -> high | T65: =IF(AND(L65="hr",I65="mumbai"),"give work from home","no work from home") -> no work from home | U65: =IF(OR(L65="finance",Logical!L65="hr"),"give work from home","no work from home") -> no work from home | V65: {=_xlfn.IFS(N65="very good","15% increment",N65="good","12% increment",N65="average","10% increment")} -> #N/A
A66: EMP-95523 | B66: CHAITANYA | C66: MAHAVIR | D66: MULIK | E66: 33914 | F66: 40882 | G66: 5 | H66: Loc-1004 | I66: MUMBAI | J66: 79756303xx | K66: Dept-103 | L66: FINANCE | M66: MCOM | N66: Poor | O66: Male | P66: 15809.49 | Q66: =IF(N66="very poor","Terminate","Stay") -> Stay | R66: =IF(Logical!N66="very good","5% increment","no increment") -> no increment | S66: {=_xlfn.IFS(P66<40000,"low",P66>80000,"high",P66,"mid")} -> low | T66: =IF(AND(L66="hr",I66="mumbai"),"give work from home","no work from home") -> no work from home | U66: =IF(OR(L66="finance",Logical!L66="hr"),"give work from home","no work from home") -> give work from home | V66: {=_xlfn.IFS(N66="very good","15% increment",N66="good","12% increment",N66="average","10% increment")} -> #N/A
A67: EMP-95580 | B67: ANOUSHKA | C67: MAHESH | D67: MIRAJKAR | E67: 33975 | F67: 40821 | G67: 7 | H67: Loc-1006 | I67: PUNE | J67: 79774124xx | K67: Dept-101 | L67: PRODUCTION | M67: MBA | N67: Average | O67: Female | P67: 103363.74 | Q67: =IF(N67="very poor","Terminate","Stay") -> Stay | R67: =IF(Logical!N67="very good","5% increment","no increment") -> no increment | S67: {=_xlfn.IFS(P67<40000,"low",P67>80000,"high",P67,"mid")} -> high | T67: =IF(AND(L67="hr",I67="mumbai"),"give work from home","no work from home") -> no work from home | U67: =IF(OR(L67="finance",Logical!L67="hr"),"give work from home","no work from home") -> no work from home | V67: {=_xlfn.IFS(N67="very good","15% increment",N67="good","12% increment",N67="average","10% increment")} -> 10% increment
A68: EMP-95559 | B68: BHAVESH | C68: MAHESH | D68: MORE | E68: 33944 | F68: 40852 | G68: 6 | H68: Loc-1005 | I68: CHENNAI | J68: 79765213xx | K68: Dept-101 | L68: PRODUCTION | M68: PGDBM | N68: Good | O68: Male | P68: 99038.43 | Q68: =IF(N68="very poor","Terminate","Stay") -> Stay | R68: =IF(Logical!N68="very good","5% increment","no increment") -> no increment | S68: {=_xlfn.IFS(P68<40000,"low",P68>80000,"high",P68,"mid")} -> high | T68: =IF(AND(L68="hr",I68="mumbai"),"give work from home","no work from home") -> no work from home | U68: =IF(OR(L68="finance",Logical!L68="hr"),"give work from home","no work from home") -> no work from home | V68: {=_xlfn.IFS(N68="very good","15% increment",N68="good","12% increment",N68="average","10% increment")} -> 12% increment
A69: EMP-95560 | B69: ANJALI | C69: MAHESHWARI | D69: MANGLANI | E69: 34006 | F69: 40791 | G69: 8 | H69: Loc-1005 | I69: CHENNAI | J69: 79783035xx | K69: Dept-103 | L69: FINANCE | M69: MBA | N69: Very Good | O69: Female | P69: 103172.49 | Q69: =IF(N69="very poor","Terminate","Stay") -> Stay | R69: =IF(Logical!N69="very good","5% increment","no increment") -> 5% increment | S69: {=_xlfn.IFS(P69<40000,"low",P69>80000,"high",P69,"mid")} -> high | T69: =IF(AND(L69="hr",I69="mumbai"),"give work from home","no work from home") -> no work from home | U69: =IF(OR(L69="finance",Logical!L69="hr"),"give work from home","no work from home") -> give work from home | V69: {=_xlfn.IFS(N69="very good","15% increment",N69="good","12% increment",N69="average","10% increment")} -> 15% increment
A70: EMP-95581 | B70: ANAGHA | C70: MANISH | D70: MANGHARAMANI | E70: 34034 | F70: 40760 | G70: 6 | H70: Loc-1006 | I70: PUNE | J70: 79791946xx | K70: Dept-101 | L70: PRODUCTION | M70: ICWA | N70: Good | O70: Female | P70: 93077.55 | Q70: =IF(N70="very poor","Terminate","Stay") -> Stay | R70: =IF(Logical!N70="very good","5% increment","no increment") -> no increment | S70: {=_xlfn.IFS(P70<40000,"low",P70>80000,"high",P70,"mid")} -> high | T70: =IF(AND(L70="hr",I70="mumbai"),"give work from home","no work from home") -> no work from home | U70: =IF(OR(L70="finance",Logical!L70="hr"),"give work from home","no work from home") -> no work from home | V70: {=_xlfn.IFS(N70="very good","15% increment",N70="good","12% increment",N70="average","10% increment")} -> 12% increment
A71: EMP-95524 | B71: AKASH | C71: MANOJ | D71: LOKHANDE | E71: 34126 | F71: 40668 | G71: 5 | H71: Loc-1004 | I71: MUMBAI | J71: 79818679xx | K71: Dept-103 | L71: FINANCE | M71: PGDBM | N71: Average | O71: Male | P71: 100762.74 | Q71: =IF(N71="very poor","Terminate","Stay") -> Stay | R71: =IF(Logical!N71="very good","5% increment","no increment") -> no increment | S71: {=_xlfn.IFS(P71<40000,"low",P71>80000,"high",P71,"mid")} -> high | T71: =IF(AND(L71="hr",I71="mumbai"),"give work from home","no work from home") -> no work from home | U71: =IF(OR(L71="finance",Logical!L71="hr"),"give work from home","no work from home") -> give work from home | V71: {=_xlfn.IFS(N71="very good","15% increment",N71="good","12% increment",N71="average","10% increment")} -> 10% increment
A72: EMP-95491 | B72: AKASH | C72: MANOJ | D72: MAHESHWARI | E72: 34095 | F72: 40699 | G72: 8 | H72: Loc-1003 | I72: NAGPUR | J72: 79809768xx | K72: Dept-101 | L72: PRODUCTION | M72: MBA | N72: Not Rated | O72: Male | P72: 110257.92 | Q72: =IF(N72="very poor","Terminate","Stay") -> Stay | R72: =IF(Logical!N72="very good","5% increment","no increment") -> no increment | S72: {=_xlfn.IFS(P72<40000,"low",P72>80000,"high",P72,"mid")} -> high | T72: =IF(AND(L72="hr",I72="mumbai"),"give work from home","no work from home") -> no work from home | U72: =IF(OR(L72="finance",Logical!L72="hr"),"give work from home","no work from home") -> no work from home | V72: {=_xlfn.IFS(N72="very good","15% increment",N72="good","12% increment",N72="average","10% increment")} -> #N/A
A73: EMP-95561 | B73: AKSHAY | C73: MANOJ | D73: MALU | E73: 34065 | F73: 40729 | G73: 7 | H73: Loc-1005 | I73: CHENNAI | J73: 79800857xx | K73: Dept-101 | L73: PRODUCTION | M73: MBA | N73: Very Poor | O73: Male | P73: 112790.07 | Q73: =IF(N73="very poor","Terminate","Stay") -> Terminate | R73: =IF(Logical!N73="very good","5% increment","no increment") -> no increment | S73: {=_xlfn.IFS(P73<40000,"low",P73>80000,"high",P73,"mid")} -> high | T73: =IF(AND(L73="hr",I73="mumbai"),"give work from home","no work from home") -> no work from home | U73: =IF(OR(L73="finance",Logical!L73="hr"),"give work from home","no work from home") -> no work from home | V73: {=_xlfn.IFS(N73="very good","15% increment",N73="good","12% increment",N73="average","10% increment")} -> #N/A
A74: EMP-95470 | B74: YASH | C74: MARUTI | D74: LATHI | E74: 34187 | F74: 40607 | G74: 7 | H74: Loc-1002 | I74: BANGALORE | J74: 79836501xx | K74: Dept-101 | L74: PRODUCTION | M74: PGDBM | N74: Not Rated | O74: Male | P74: 100504.17 | Q74: =IF(N74="very poor","Terminate","Stay") -> Stay | R74: =IF(Logical!N74="very good","5% increment","no increment") -> no increment | S74: {=_xlfn.IFS(P74<40000,"low",P74>80000,"high",P74,"mid")} -> high | T74: =IF(AND(L74="hr",I74="mumbai"),"give work from home","no work from home") -> no work from home | U74: =IF(OR(L74="finance",Logical!L74="hr"),"give work from home","no work from home") -> no work from home | V74: {=_xlfn.IFS(N74="very good","15% increment",N74="good","12% increment",N74="average","10% increment")} -> #N/A
... A91: EMP-95497 | B91: PRATIKSHA | C91: PRASAD | D91: KANADE | E91: 34674 | F91: 41095 | G91: 6 | H91: Loc-1003 | I91: NAGPUR | J91: 91311323xx | K91: Dept-102 | L91: HR | M91: PGDBM | N91: Very Poor | O91: Female | P91: 140360.67 | Q91: =IF(N91="very poor","Terminate","Stay") -> Terminate | R91: =IF(Logical!N91="very good","5% increment","no increment") -> no increment | S91: {=_xlfn.IFS(P91<40000,"low",P91>80000,"high",P91,"mid")} -> high | T91: =IF(AND(L91="hr",I91="mumbai"),"give work from home","no work from home") -> no work from home | U91: =IF(OR(L91="finance",Logical!L91="hr"),"give work from home","no work from home") -> give work from home | V91: {=_xlfn.IFS(N91="very good","15% increment",N91="good","12% increment",N91="average","10% increment")} -> #N/A
A92: EMP-95496 | B92: PRATIK | C92: PRATAP | D92: KALE | E92: 34705 | F92: 41065 | G92: 7 | H92: Loc-1003 | I92: NAGPUR | J92: 90402345xx | K92: Dept-105 | L92: ADMIN | M92: MBA | N92: Poor | O92: Male | Q92: =IF(N92="very poor","Terminate","Stay") -> Stay | R92: =IF(Logical!N92="very good","5% increment","no increment") -> no increment | S92: {=_xlfn.IFS(P92<40000,"low",P92>80000,"high",P92,"mid")} -> high | T92: =IF(AND(L92="hr",I92="mumbai"),"give work from home","no work from home") -> no work from home | U92: =IF(OR(L92="finance",Logical!L92="hr"),"give work from home","no work from home") -> no work from home | V92: {=_xlfn.IFS(N92="very good","15% increment",N92="good","12% increment",N92="average","10% increment")} -> #N/A
A93: EMP-95584 | B93: PRASAD | C93: PRAVIN | D93: JOSHI | E93: 34764 | F93: 41004 | G93: 5 | H93: Loc-1006 | I93: PUNE | J93: 88584389xx | K93: Dept-104 | L93: MARKETING | M93: MBA | N93: Very Poor | O93: Male | Q93: =IF(N93="very poor","Terminate","Stay") -> Terminate | R93: =IF(Logical!N93="very good","5% increment","no increment") -> no increment | S93: {=_xlfn.IFS(P93<40000,"low",P93>80000,"high",P93,"mid")} -> high | T93: =IF(AND(L93="hr",I93="mumbai"),"give work from home","no work from home") -> no work from home | U93: =IF(OR(L93="finance",Logical!L93="hr"),"give work from home","no work from home") -> no work from home | V93: {=_xlfn.IFS(N93="very good","15% increment",N93="good","12% increment",N93="average","10% increment")} -> #N/A
A94: EMP-95585 | B94: PRATIK | C94: PRAVIN | D94: KADAM | E94: 34736 | F94: 41034 | G94: 8 | H94: Loc-1006 | I94: PUNE | J94: 89493367xx | K94: Dept-104 | L94: MARKETING | M94: MBA | N94: Not Rated | O94: Male | P94: 78179.94 | Q94: =IF(N94="very poor","Terminate","Stay") -> Stay | R94: =IF(Logical!N94="very good","5% increment","no increment") -> no increment | S94: {=_xlfn.IFS(P94<40000,"low",P94>80000,"high",P94,"mid")} -> mid | T94: =IF(AND(L94="hr",I94="mumbai"),"give work from home","no work from home") -> no work from home | U94: =IF(OR(L94="finance",Logical!L94="hr"),"give work from home","no work from home") -> no work from home | V94: {=_xlfn.IFS(N94="very good","15% increment",N94="good","12% increment",N94="average","10% increment")} -> #N/A
A95: EMP-95529 | B95: OMKAR | C95: PURUSHOTTAM | D95: JOSHI | E95: 34795 | F95: 40973 | G95: 6 | H95: Loc-1004 | I95: MUMBAI | J95: 87675411xx | K95: Dept-103 | L95: FINANCE | M95: CA | N95: Not Rated | O95: Male | P95: 32815.44 | Q95: =IF(N95="very poor","Terminate","Stay") -> Stay | R95: =IF(Logical!N95="very good","5% increment","no increment") -> no increment | S95: {=_xlfn.IFS(P95<40000,"low",P95>80000,"high",P95,"mid")} -> low | T95: =IF(AND(L95="hr",I95="mumbai"),"give work from home","no work from home") -> no work from home | U95: =IF(OR(L95="finance",Logical!L95="hr"),"give work from home","no work from home") -> give work from home | V95: {=_xlfn.IFS(N95="very good","15% increment",N95="good","12% increment",N95="average","10% increment")} -> #N/A
A96: EMP-95495 | B96: NISHA | C96: RACHUAPPA | D96: JOSHI | E96: 34825 | F96: 40944 | G96: 7 | H96: Loc-1003 | I96: NAGPUR | J96: 86766433xx | K96: Dept-102 | L96: HR | M96: MBA | N96: Poor | O96: Female | P96: 84205.08 | Q96: =IF(N96="very poor","Terminate","Stay") -> Stay | R96: =IF(Logical!N96="very good","5% increment","no increment") -> no increment | S96: {=_xlfn.IFS(P96<40000,"low",P96>80000,"high",P96,"mid")} -> high | T96: =IF(AND(L96="hr",I96="mumbai"),"give work from home","no work from home") -> no work from home | U96: =IF(OR(L96="finance",Logical!L96="hr"),"give work from home","no work from home") -> give work from home | V96: {=_xlfn.IFS(N96="very good","15% increment",N96="good","12% increment",N96="average","10% increment")} -> #N/A
A97: EMP-95456 | B97: MRUNMAYEE | C97: RAJARAM | D97: JOGLEKAR | E97: 34856 | F97: 40913 | G97: 8 | H97: Loc-1001 | I97: DELHI | J97: 85857455xx | K97: Dept-103 | L97: FINANCE | M97: M S | N97: Very Poor | O97: Female | P97: 145350 | Q97: =IF(N97="very poor","Terminate","Stay") -> Terminate | R97: =IF(Logical!N97="very good","5% increment","no increment") -> no increment | S97: {=_xlfn.IFS(P97<40000,"low",P97>80000,"high",P97,"mid")} -> high | T97: =IF(AND(L97="hr",I97="mumbai"),"give work from home","no work from home") -> no work from home | U97: =IF(OR(L97="finance",Logical!L97="hr"),"give work from home","no work from home") -> give work from home | V97: {=_xlfn.IFS(N97="very good","15% increment",N97="good","12% increment",N97="average","10% increment")} -> #N/A
A98: EMP-95455 | B98: MOKSHA | C98: RAJEEV | D98: JAIN | E98: 34886 | F98: 40882 | G98: 6 | H98: Loc-1001 | I98: DELHI | J98: 84948477xx | K98: Dept-101 | L98: PRODUCTION | M98: MBA | N98: Very Good | O98: Female | P98: 57938.04 | Q98: =IF(N98="very poor","Terminate","Stay") -> Stay | R98: =IF(Logical!N98="very good","5% increment","no increment") -> 5% increment | S98: {=_xlfn.IFS(P98<40000,"low",P98>80000,"high",P98,"mid")} -> mid | T98: =IF(AND(L98="hr",I98="mumbai"),"give work from home","no work from home") -> no work from home | U98: =IF(OR(L98="finance",Logical!L98="hr"),"give work from home","no work from home") -> no work from home | V98: {=_xlfn.IFS(N98="very good","15% increment",N98="good","12% increment",N98="average","10% increment")} -> 15% increment
A99: EMP-95472 | B99: MEGH | C99: RAJENDRA | D99: JAGTAP | E99: 34917 | F99: 40852 | G99: 7 | H99: Loc-1002 | I99: BANGALORE | J99: 84039500xx | K99: Dept-104 | L99: MARKETING | M99: MBA | N99: Very Good | O99: Male | P99: 110935.71 | Q99: =IF(N99="very poor","Terminate","Stay") -> Stay | R99: =IF(Logical!N99="very good","5% increment","no increment") -> 5% increment | S99: {=_xlfn.IFS(P99<40000,"low",P99>80000,"high",P99,"mid")} -> high | T99: =IF(AND(L99="hr",I99="mumbai"),"give work from home","no work from home") -> no work from home | U99: =IF(OR(L99="finance",Logical!L99="hr"),"give work from home","no work from home") -> no work from home | V99: {=_xlfn.IFS(N99="very good","15% increment",N99="good","12% increment",N99="average","10% increment")} -> 15% increment
A100: EMP-95583 | B100: KSHITIJA | C100: RAJESH | D100: GUNJAL | E100: 35009 | F100: 40760 | G100: 6 | H100: Loc-1006 | I100: PUNE | J100: 81312566xx | K100: Dept-101 | L100: PRODUCTION | M100: M.E | N100: Very Poor | O100: Female | P100: 121739.04 | Q100: =IF(N100="very poor","Terminate","Stay") -> Terminate | R100: =IF(Logical!N100="very good","5% increment","no increment") -> no increment | S100: {=_xlfn.IFS(P100<40000,"low",P100>80000,"high",P100,"mid")} -> high | T100: =IF(AND(L100="hr",I100="mumbai"),"give work from home","no work from home") -> no work from home | U100: =IF(OR(L100="finance",Logical!L100="hr"),"give work from home","no work from home") -> no work from home | V100: {=_xlfn.IFS(N100="very good","15% increment",N100="good","12% increment",N100="average","10% increment")} -> #N/A
A101: EMP-95564 | B101: KUNAL | C101: RAJESH | D101: GUPTA | E101: 34978 | F101: 40791 | G101: 5 | H101: Loc-1005 | I101: CHENNAI | J101: 82221544xx | K101: Dept-103 | L101: FINANCE | M101: MBA | N101: Very Poor | O101: Male | P101: 134748.63 | Q101: =IF(N101="very poor","Terminate","Stay") -> Terminate | R101: =IF(Logical!N101="very good","5% increment","no increment") -> no increment | S101: {=_xlfn.IFS(P101<40000,"low",P101>80000,"high",P101,"mid")} -> high | T101: =IF(AND(L101="hr",I101="mumbai"),"give work from home","no work from home") -> no work from home | U101: =IF(OR(L101="finance",Logical!L101="hr"),"give work from home","no work from home") -> give work from home | V101: {=_xlfn.IFS(N101="very good","15% increment",N101="good","12% increment",N101="average","10% increment")} -> #N/A
A102: EMP-95527 | B102: MANALI | C102: RAJESH | D102: JADHAV | E102: 34948 | F102: 40821 | G102: 8 | H102: Loc-1004 | I102: MUMBAI | J102: 83130522xx | K102: Dept-102 | L102: HR | M102: MCOM | N102: Very Good | O102: Female | P102: 128523.06 | Q102: =IF(N102="very poor","Terminate","Stay") -> Stay | R102: =IF(Logical!N102="very good","5% increment","no increment") -> 5% increment | S102: {=_xlfn.IFS(P102<40000,"low",P102>80000,"high",P102,"mid")} -> high | T102: =IF(AND(L102="hr",I102="mumbai"),"give work from home","no work from home") -> give work from home | U102: =IF(OR(L102="finance",Logical!L102="hr"),"give work from home","no work from home") -> give work from home | V102: {=_xlfn.IFS(N102="very good","15% increment",N102="good","12% increment",N102="average","10% increment")} -> 15% increment
A103: EMP-95582 | B103: HARDIK | C103: RAJKUMAR | D103: GOKULE | E103: 35039 | F103: 40729 | G103: 7 | H103: Loc-1006 | I103: PUNE | J103: 80403588xx | K103: Dept-102 | L103: HR | M103: PGDBM | N103: Poor | O103: Male | P103: 36677.16 | Q103: =IF(N103="very poor","Terminate","Stay") -> Stay | R103: =IF(Logical!N103="very good","5% increment","no increment") -> no increment | S103: {=_xlfn.IFS(P103<40000,"low",P103>80000,"high",P103,"mid")} -> low | T103: =IF(AND(L103="hr",I103="mumbai"),"give work from home","no work from home") -> no work from home | U103: =IF(OR(L103="finance",Logical!L103="hr"),"give work from home","no work from home") -> give work from home | V103: {=_xlfn.IFS(N103="very good","15% increment",N103="good","12% increment",N103="average","10% increment")} -> #N/A
A104: EMP-95513 | B104: GAURAV | C104: RAMAN | D104: GOKARN | E104: 35070 | F104: 40699 | G104: 8 | H104: Loc-1004 | I104: MUMBAI | J104: 79494610xx | K104: Dept-101 | L104: PRODUCTION | M104: BBA | N104: Very Poor | O104: Male | P104: 91633.23 | Q104: =IF(N104="very poor","Terminate","Stay") -> Terminate | R104: =IF(Logical!N104="very good","5% increment","no increment") -> no increment | S104: {=_xlfn.IFS(P104<40000,"low",P104>80000,"high",P104,"mid")} -> high | T104: =IF(AND(L104="hr",I104="mumbai"),"give work from home","no work from home") -> no work from home | U104: =IF(OR(L104="finance",Logical!L104="hr"),"give work from home","no work from home") -> no work from home | V104: {=_xlfn.IFS(N104="very good","15% increment",N104="good","12% increment",N104="average","10% increment")} -> #N/A
A105: EMP-95542 | B105: DEBOLINA | C105: RAMCHANDRA | D105: GODHANE | E105: 35101 | F105: 40668 | G105: 6 | H105: Loc-1005 | I105: CHENNAI | J105: 78585632xx | K105: Dept-105 | L105: ADMIN | M105: MBA | N105: Poor | O105: Female | P105: 101186.55 | Q105: =IF(N105="very poor","Terminate","Stay") -> Stay | R105: =IF(Logical!N105="very good","5% increment","no increment") -> no increment | S105: {=_xlfn.IFS(P105<40000,"low",P105>80000,"high",P105,"mid")} -> high | T105: =IF(AND(L105="hr",I105="mumbai"),"give work from home","no work from home") -> no work from home | U105: =IF(OR(L105="finance",Logical!L105="hr"),"give work from home","no work from home") -> no work from home | V105: {=_xlfn.IFS(N105="very good","15% increment",N105="good","12% increment",N105="average","10% increment")} -> #N/A
... A113: EMP-95571 | B113: VIPUL | C113: SANJAY | D113: GAIKWAD | E113: 35314 | F113: 40456 | G113: 6 | H113: Loc-1005 | I113: CHENNAI | J113: 95491569xx | K113: Dept-101 | L113: PRODUCTION | M113: MBA | N113: Very Good | O113: Male | P113: 87978.06 | Q113: =IF(N113="very poor","Terminate","Stay") -> Stay | R113: =IF(Logical!N113="very good","5% increment","no increment") -> 5% increment | S113: {=_xlfn.IFS(P113<40000,"low",P113>80000,"high",P113,"mid")} -> high | T113: =IF(AND(L113="hr",I113="mumbai"),"give work from home","no work from home") -> no work from home | U113: =IF(OR(L113="finance",Logical!L113="hr"),"give work from home","no work from home") -> no work from home | V113: {=_xlfn.IFS(N113="very good","15% increment",N113="good","12% increment",N113="average","10% increment")} -> 15% increment
A114: EMP-95476 | B114: YASH | C114: SANJAY | D114: GARG | E114: 35283 | F114: 40487 | G114: 8 | H114: Loc-1002 | I114: BANGALORE | J114: 96591669xx | K114: Dept-105 | L114: ADMIN | M114: PGDBM | N114: Average | O114: Male | Q114: =IF(N114="very poor","Terminate","Stay") -> Stay | R114: =IF(Logical!N114="very good","5% increment","no increment") -> no increment | S114: {=_xlfn.IFS(P114<40000,"low",P114>80000,"high",P114,"mid")} -> high | T114: =IF(AND(L114="hr",I114="mumbai"),"give work from home","no work from home") -> no work from home | U114: =IF(OR(L114="finance",Logical!L114="hr"),"give work from home","no work from home") -> no work from home | V114: {=_xlfn.IFS(N114="very good","15% increment",N114="good","12% increment",N114="average","10% increment")} -> 10% increment
A115: EMP-95531 | B115: SHUBHAM | C115: SANTOSH | D115: DUDHEDIA | E115: 35405 | F115: 40364 | G115: 5 | H115: Loc-1004 | I115: MUMBAI | J115: 92191269xx | K115: Dept-101 | L115: PRODUCTION | M115: MBA | N115: Very Good | O115: Male | P115: 107865 | Q115: =IF(N115="very poor","Terminate","Stay") -> Stay | R115: =IF(Logical!N115="very good","5% increment","no increment") -> 5% increment | S115: {=_xlfn.IFS(P115<40000,"low",P115>80000,"high",P115,"mid")} -> high | T115: =IF(AND(L115="hr",I115="mumbai"),"give work from home","no work from home") -> no work from home | U115: =IF(OR(L115="finance",Logical!L115="hr"),"give work from home","no work from home") -> no work from home | V115: {=_xlfn.IFS(N115="very good","15% increment",N115="good","12% increment",N115="average","10% increment")} -> 15% increment
A116: EMP-95586 | B116: SHUBHAM | C116: SETHUNATH | D116: DOSHI | E116: 35436 | F116: 40334 | G116: 6 | H116: Loc-1006 | I116: PUNE | J116: 91091168xx | K116: Dept-102 | L116: HR | M116: M S | N116: Average | O116: Male | P116: 37130.04 | Q116: =IF(N116="very poor","Terminate","Stay") -> Stay | R116: =IF(Logical!N116="very good","5% increment","no increment") -> no increment | S116: {=_xlfn.IFS(P116<40000,"low",P116>80000,"high",P116,"mid")} -> low | T116: =IF(AND(L116="hr",I116="mumbai"),"give work from home","no work from home") -> no work from home | U116: =IF(OR(L116="finance",Logical!L116="hr"),"give work from home","no work from home") -> give work from home | V116: {=_xlfn.IFS(N116="very good","15% increment",N116="good","12% increment",N116="average","10% increment")} -> 10% increment
A117: EMP-95567 | B117: SHIVAM | C117: SHARAD | D117: DHAGEKAR | E117: 35467 | F117: 40303 | G117: 7 | H117: Loc-1005 | I117: CHENNAI | J117: 89991068xx | K117: Dept-105 | L117: ADMIN | M117: MBA | N117: Not Rated | O117: Male | P117: 150091.47 | Q117: =IF(N117="very poor","Terminate","Stay") -> Stay | R117: =IF(Logical!N117="very good","5% increment","no increment") -> no increment | S117: {=_xlfn.IFS(P117<40000,"low",P117>80000,"high",P117,"mid")} -> high | T117: =IF(AND(L117="hr",I117="mumbai"),"give work from home","no work from home") -> no work from home | U117: =IF(OR(L117="finance",Logical!L117="hr"),"give work from home","no work from home") -> no work from home | V117: {=_xlfn.IFS(N117="very good","15% increment",N117="good","12% increment",N117="average","10% increment")} -> #N/A
A118: EMP-95566 | B118: SHALINI | C118: SHASHIKANT | D118: DESHMUKH | E118: 35495 | F118: 41248 | G118: 8 | H118: Loc-1005 | I118: CHENNAI | J118: 88890968xx | K118: Dept-104 | L118: MARKETING | M118: MCOM | N118: Very Good | O118: Female | P118: 132369.48 | Q118: =IF(N118="very poor","Terminate","Stay") -> Stay | R118: =IF(Logical!N118="very good","5% increment","no increment") -> 5% increment | S118: {=_xlfn.IFS(P118<40000,"low",P118>80000,"high",P118,"mid")} -> high | T118: =IF(AND(L118="hr",I118="mumbai"),"give work from home","no work from home") -> no work from home | U118: =IF(OR(L118="finance",Logical!L118="hr"),"give work from home","no work from home") -> no work from home | V118: {=_xlfn.IFS(N118="very good","15% increment",N118="good","12% increment",N118="average","10% increment")} -> 15% increment
A119: EMP-95565 | B119: SAYALI | C119: SHATILAL | D119: DESHMUKH | E119: 35526 | F119: 41218 | G119: 6 | H119: Loc-1005 | I119: CHENNAI | J119: 87790868xx | K119: Dept-103 | L119: FINANCE | M119: MBA | N119: Very Poor | O119: Female | P119: 122568.3 | Q119: =IF(N119="very poor","Terminate","Stay") -> Terminate | R119: =IF(Logical!N119="very good","5% increment","no increment") -> no increment | S119: {=_xlfn.IFS(P119<40000,"low",P119>80000,"high",P119,"mid")} -> high | T119: =IF(AND(L119="hr",I119="mumbai"),"give work from home","no work from home") -> no work from home | U119: =IF(OR(L119="finance",Logical!L119="hr"),"give work from home","no work from home") -> give work from home | V119: {=_xlfn.IFS(N119="very good","15% increment",N119="good","12% increment",N119="average","10% increment")} -> #N/A
A120: EMP-95473 | B120: RUGWETA | C120: SHEKHAR | D120: DAYMA | E120: 35587 | F120: 41157 | G120: 8 | H120: Loc-1002 | I120: BANGALORE | J120: 85590667xx | K120: Dept-105 | L120: ADMIN | M120: MBA | N120: Average | O120: Female | P120: 58692.33 | Q120: =IF(N120="very poor","Terminate","Stay") -> Stay | R120: =IF(Logical!N120="very good","5% increment","no increment") -> no increment | S120: {=_xlfn.IFS(P120<40000,"low",P120>80000,"high",P120,"mid")} -> mid | T120: =IF(AND(L120="hr",I120="mumbai"),"give work from home","no work from home") -> no work from home | U120: =IF(OR(L120="finance",Logical!L120="hr"),"give work from home","no work from home") -> no work from home | V120: {=_xlfn.IFS(N120="very good","15% increment",N120="good","12% increment",N120="average","10% increment")} -> 10% increment
A121: EMP-95474 | B121: SAYALI | C121: SHEKHAR | D121: DESHMUKH | E121: 35556 | F121: 41187 | G121: 7 | H121: Loc-1002 | I121: BANGALORE | J121: 86690768xx | K121: Dept-102 | L121: HR | M121: M.E | N121: Not Rated | O121: Female | P121: 32305.95 | Q121: =IF(N121="very poor","Terminate","Stay") -> Stay | R121: =IF(Logical!N121="very good","5% increment","no increment") -> no increment | S121: {=_xlfn.IFS(P121<40000,"low",P121>80000,"high",P121,"mid")} -> low | T121: =IF(AND(L121="hr",I121="mumbai"),"give work from home","no work from home") -> no work from home | U121: =IF(OR(L121="finance",Logical!L121="hr"),"give work from home","no work from home") -> give work from home | V121: {=_xlfn.IFS(N121="very good","15% increment",N121="good","12% increment",N121="average","10% increment")} -> #N/A
A122: EMP-95528 | B122: ROHIT | C122: SHITAL | D122: DATAR | E122: 35617 | F122: 41126 | G122: 5 | H122: Loc-1004 | I122: MUMBAI | J122: 84490567xx | K122: Dept-103 | L122: FINANCE | M122: BBA | N122: Not Rated | O122: Male | P122: 91016.64 | Q122: =IF(N122="very poor","Terminate","Stay") -> Stay | R122: =IF(Logical!N122="very good","5% increment","no increment") -> no increment | S122: {=_xlfn.IFS(P122<40000,"low",P122>80000,"high",P122,"mid")} -> high | T122: =IF(AND(L122="hr",I122="mumbai"),"give work from home","no work from home") -> no work from home | U122: =IF(OR(L122="finance",Logical!L122="hr"),"give work from home","no work from home") -> give work from home | V122: {=_xlfn.IFS(N122="very good","15% increment",N122="good","12% increment",N122="average","10% increment")} -> #N/A
A123: EMP-95454 | B123: PRANAV | C123: SHIVRAJ | D123: DARDA | E123: 35648 | F123: 41095 | G123: 6 | H123: Loc-1001 | I123: DELHI | J123: 83390467xx | K123: Dept-101 | L123: PRODUCTION | M123: CS | N123: Very Poor | O123: Male | P123: 148439.07 | Q123: =IF(N123="very poor","Terminate","Stay") -> Terminate | R123: =IF(Logical!N123="very good","5% increment","no increment") -> no increment | S123: {=_xlfn.IFS(P123<40000,"low",P123>80000,"high",P123,"mid")} -> high | T123: =IF(AND(L123="hr",I123="mumbai"),"give work from home","no work from home") -> no work from home | U123: =IF(OR(L123="finance",Logical!L123="hr"),"give work from home","no work from home") -> no work from home | V123: {=_xlfn.IFS(N123="very good","15% increment",N123="good","12% increment",N123="average","10% increment")} -> #N/A
A124: EMP-95494 | B124: PRAJAKTA | C124: SRIVASTAVA | D124: DABHIYA | E124: 35679 | F124: 43621 | G124: 7 | H124: Loc-1003 | I124: NAGPUR | J124: 82290367xx | K124: Dept-104 | L124: MARKETING | M124: CA | N124: Not Rated | O124: Female | P124: 102918.51 | Q124: =IF(N124="very poor","Terminate","Stay") -> Stay | R124: =IF(Logical!N124="very good","5% increment","no increment") -> no increment | S124: {=_xlfn.IFS(P124<40000,"low",P124>80000,"high",P124,"mid")} -> high | T124: =IF(AND(L124="hr",I124="mumbai"),"give work from home","no work from home") -> no work from home | U124: =IF(OR(L124="finance",Logical!L124="hr"),"give work from home","no work from home") -> no work from home | V124: {=_xlfn.IFS(N124="very good","15% increment",N124="good","12% increment",N124="average","10% increment")} -> #N/A
A125: EMP-95563 | B125: POOJA | C125: SUBHASH | D125: DABHADE | E125: 35709 | F125: 41034 | G125: 8 | H125: Loc-1005 | I125: CHENNAI | J125: 81190267xx | K125: Dept-102 | L125: HR | M125: M S | N125: Average | O125: Female | P125: 22373.19 | Q125: =IF(N125="very poor","Terminate","Stay") -> Stay | R125: =IF(Logical!N125="very good","5% increment","no increment") -> no increment | S125: {=_xlfn.IFS(P125<40000,"low",P125>80000,"high",P125,"mid")} -> low | T125: =IF(AND(L125="hr",I125="mumbai"),"give work from home","no work from home") -> no work from home | U125: =IF(OR(L125="finance",Logical!L125="hr"),"give work from home","no work from home") -> give work from home | V125: {=_xlfn.IFS(N125="very good","15% increment",N125="good","12% increment",N125="average","10% increment")} -> 10% increment
A126: EMP-95562 | B126: NITISH | C126: SUHAS | D126: CHAWARE | E126: 35740 | F126: 41004 | G126: 6 | H126: Loc-1005 | I126: CHENNAI | J126: 80090166xx | K126: Dept-101 | L126: PRODUCTION | M126: M.E | N126: Average | O126: Male | P126: 55508.4 | Q126: =IF(N126="very poor","Terminate","Stay") -> Stay | R126: =IF(Logical!N126="very good","5% increment","no increment") -> no increment | S126: {=_xlfn.IFS(P126<40000,"low",P126>80000,"high",P126,"mid")} -> mid | T126: =IF(AND(L126="hr",I126="mumbai"),"give work from home","no work from home") -> no work from home | U126: =IF(OR(L126="finance",Logical!L126="hr"),"give work from home","no work from home") -> no work from home | V126: {=_xlfn.IFS(N126="very good","15% increment",N126="good","12% increment",N126="average","10% increment")} -> 10% increment
... A148: EMP-95541 | B148: AJAY | C148: WAMAN | D148: ADHAV | E148: 36409 | F148: 44352 | G148: 7 | H148: Loc-1005 | I148: CHENNAI | J148: 77839966xx | K148: Dept-103 | L148: FINANCE | M148: M.E | N148: Average | O148: Male | P148: 111855.24 | Q148: =IF(N148="very poor","Terminate","Stay") -> Stay | R148: =IF(Logical!N148="very good","5% increment","no increment") -> no increment | S148: {=_xlfn.IFS(P148<40000,"low",P148>80000,"high",P148,"mid")} -> high | T148: =IF(AND(L148="hr",I148="mumbai"),"give work from home","no work from home") -> no work from home | U148: =IF(OR(L148="finance",Logical!L148="hr"),"give work from home","no work from home") -> give work from home | V148: {=_xlfn.IFS(N148="very good","15% increment",N148="good","12% increment",N148="average","10% increment")} -> 10% increment
A149: EMP-95538 | B149: AFREEN | C149: YASHWANT | D149: AAGAVANE | E149: 36439 | F149: 44349 | G149: 8 | H149: Loc-1004 | I149: MUMBAI | J149: 98989598xx | K149: Dept-102 | L149: HR | M149: MBA | N149: Not Rated | O149: Female | Q149: =IF(N149="very poor","Terminate","Stay") -> Stay | R149: =IF(Logical!N149="very good","5% increment","no increment") -> no increment | S149: {=_xlfn.IFS(P149<40000,"low",P149>80000,"high",P149,"mid")} -> high | T149: =IF(AND(L149="hr",I149="mumbai"),"give work from home","no work from home") -> give work from home | U149: =IF(OR(L149="finance",Logical!L149="hr"),"give work from home","no work from home") -> give work from home | V149: {=_xlfn.IFS(N149="very good","15% increment",N149="good","12% increment",N149="average","10% increment")} -> #N/A
